Flight_Number,Departure_Delay,Arrival_Delay,Airline_Rating,Weather_Impact,Technical_Issue,Cancelled
8270,-16.112675420767317,29.230635342041627,4,1,1,0
1860,-6.66725031386313,0.16519296182990129,1,1,0,1
6390,-11.658637681987432,23.257377812382448,4,0,0,0
6191,31.28405665135434,27.81974077883677,1,0,0,1
6734,19.035175897211918,19.974663472219405,5,1,0,1
7265,24.07332642491238,-1.474304690770726,5,1,0,1
1466,15.825080960648528,11.055951355049142,5,1,1,1
5426,-11.93577656825844,4.637065904136257,3,1,1,1
6578,-2.8678039941966045,-8.555527910951922,5,1,1,0
9322,12.34061841841877,9.865389225824046,4,0,0,1
2685,-13.331917133379182,-12.685596867397038,2,1,0,1
1769,15.694976452585822,22.815190826923455,1,1,0,0
7949,1.3951190276279748,-1.9692594594758965,3,0,1,0
3433,-0.6223121132439626,8.017394838092589,5,0,0,1
6311,15.664399523052372,9.249318073192132,5,1,0,1
6051,11.663949672290595,1.1164253944388398,2,1,1,0
7420,-0.41449248728619903,13.800407022129122,2,0,0,1
2184,22.38994705046372,-2.123554849337866,3,1,1,0
5555,-11.215949913998461,18.069459461858663,1,1,0,0
4385,14.239034104163956,-15.189695203701227,5,0,0,1
7396,13.896518869525757,6.895693693196177,3,1,1,0
9666,0.35680341029014606,34.08393498587427,4,0,1,1
3558,9.891995333631769,-10.00496986908362,4,0,1,1
8849,-13.766703645779543,-5.166174557872772,3,0,1,1
3047,18.860405288103514,12.708617744883725,5,0,1,0
3747,2.2264679533551646,7.693726729093969,3,1,1,1
1189,-2.8408453077855924,10.259451489103387,5,0,0,0
3734,20.73513838755334,12.337806952214953,2,1,0,1
4005,-5.565155358141389,14.520822028426549,3,1,1,1
5658,-16.126919445453396,21.645497629343346,5,1,0,0
2899,-18.349437602858558,11.147279853927689,3,1,1,1
8734,14.090149270184595,1.3811351807218633,3,1,0,1
2267,-14.206440287444245,15.08860551804097,5,0,1,0
2528,31.32191272976547,33.49822902342824,5,0,0,0
4556,-26.228941118255833,3.0104938042613965,1,0,0,0
4890,30.44684552435057,-9.617939570059622,3,0,0,1
9838,8.165262008039276,21.606210039304592,4,1,0,0
6393,3.549303321944114,3.1942825406960265,3,0,0,0
9792,-3.1737863021342463,-27.590043190210544,3,1,1,1
9433,10.987041715281062,17.711325157256326,5,1,1,0
8513,4.435479463627274,-3.0299227893088414,3,0,1,1
3612,21.549528230247823,3.6420007654375883,3,0,0,1
8041,6.713414729930594,9.979704958535219,4,0,1,0
7235,7.254526421928164,7.857495196685996,5,0,0,1
6486,-0.4541831832078378,15.641777257085593,3,1,0,0
8099,4.145815644183989,-1.5322955585476503,2,1,0,0
1775,9.617026533380887,12.69658697264124,1,0,1,0
9226,-20.652525889849382,1.1067998362412421,4,1,0,0
4152,-15.222781331585693,16.082157213312545,3,1,1,1
2585,16.148961410340725,14.230512260195802,2,1,1,1
4943,7.562981571919128,-9.03158053066893,3,0,0,0
8555,2.240249954709813,21.289731742625484,3,1,0,0
4073,5.2765089959808975,-3.039451676710721,5,0,1,1
2021,10.213725580425066,17.120866974217176,5,0,1,0
4843,-3.096395204640423,10.50930970102011,5,1,1,1
8989,-6.67457088103469,32.57275515192684,2,1,1,0
7873,7.937678826465223,1.648010264422218,3,0,1,1
6675,-9.67559166422548,-0.23975194177296277,1,1,1,1
1161,11.123791335717078,4.708705911684011,4,1,0,1
5297,-20.538754063567605,0.45230325748586875,5,0,1,0
1995,20.437334559884654,16.99912852913075,5,0,1,0
8629,12.088962236195645,-19.244659126548818,3,0,1,0
2016,8.840446014708135,-10.805236287195312,3,0,1,0
8869,19.74036475918271,-11.017043823687896,2,1,0,0
7439,29.98211666693865,19.254613879603635,2,1,0,1
8892,20.215550975271956,30.65920058872888,5,0,1,1
7863,-22.613113469974678,3.4332617219379276,3,0,1,1
8916,-14.193654501035525,2.4676741521498404,1,0,1,1
9529,-4.372278665435182,6.0507824466977205,4,1,0,1
1878,5.391365753162507,22.428174539122857,3,0,0,1
5887,12.764885307036845,-8.910297012858612,3,1,0,1
5859,-5.8861571973019835,8.575534741021777,2,0,0,0
7331,7.801501467156175,19.627964446736446,4,0,0,1
9571,-6.330743985299838,12.516412549097678,5,0,0,0
9684,-4.172767044879224,7.843724248981151,3,1,1,1
8208,-16.099916452723335,20.01569138850712,5,1,0,1
6276,-8.848498691663565,-35.548484394988556,3,1,0,0
3062,-15.275269084245004,15.168129792963615,5,0,1,1
1064,-9.63809879465999,-4.811135246911357,4,1,0,0
9006,20.80462694911759,-22.459493452846854,2,1,1,1
3568,-9.240983332479145,12.66803899287471,4,0,0,0
6463,44.48573097256086,25.604878177444366,1,0,1,1
3027,12.399768513213338,2.938272280584622,2,1,1,0
3695,7.772541855423109,19.293118208044085,4,1,1,0
6258,-7.875366702718203,29.18417386982968,1,1,1,1
6618,15.504648191134871,24.72371680376071,3,1,1,1
7736,-3.634567393566609,29.599467940570893,3,0,0,0
1391,6.830147219680422,16.13191236607838,5,0,0,1
6892,43.40126807403192,6.131504583523892,2,0,1,0
4561,3.559101504130252,-19.029487178457526,3,1,1,1
7184,22.239099894285136,1.3090626780507715,2,1,1,0
4099,-5.547646376888311,-7.648698929742876,3,0,0,1
7278,4.475172642545575,37.564140762467204,5,0,1,0
9392,31.56200953453265,2.3617128135149508,4,1,1,1
4104,-4.4045058668165105,6.8480721017672845,5,1,1,0
8215,32.186728369953926,13.272280640607013,1,0,1,0
3454,15.616279031832132,5.6540366955868055,3,0,0,1
9996,-3.4370016384140136,30.425765606461297,1,0,1,1
3731,14.486116085832814,-4.33974042601678,1,1,1,0
9154,19.58831674440095,7.919111828558641,2,1,0,0
6056,14.327149433257947,-6.137058785470725,3,1,1,0
9110,-18.553370798356845,-14.800337668310586,1,1,1,0
4840,-5.907057637373029,-4.176536363579281,4,1,0,1
2028,1.2872204667274287,4.44444804427382,1,1,0,0
8385,3.8834985634993058,-1.4395333677588997,4,0,0,0
1502,14.31008146326017,-5.3863146981078405,2,0,1,0
7910,7.6655150139988075,-16.09476195507751,1,1,1,1
7938,-15.030165380651518,3.7534164105695784,5,0,0,0
5488,10.702967765089447,-17.570805610465033,2,1,0,1
1206,14.158786179257348,16.40083945534404,4,0,0,1
6134,13.396856718965598,6.2365962940175494,2,1,1,1
6977,21.211710883319327,-16.86327249197396,1,0,1,1
8721,17.50883231823356,0.3618638442520483,3,0,0,1
8035,11.88770118842655,-6.282346083858748,3,1,1,1
2484,3.9475143281202945,9.787617656287708,4,1,0,1
8858,-19.91441400273987,25.10675669034717,4,0,1,0
1863,11.444273286988789,-23.12758704468617,3,0,1,0
3790,8.115315307446668,6.725391187211257,4,1,1,1
8408,9.073682557930603,2.598008066500394,2,0,1,0
9755,-14.15122863730464,15.070101146756985,5,1,0,0
6116,-11.215848106123936,8.197949423565337,5,1,1,1
7019,20.797292799993553,-6.279539976082287,2,0,1,0
2757,4.406672692150174,0.21419096500072765,5,1,0,1
8574,15.222510460589366,-6.940387852052336,1,0,1,0
7374,5.424775641956917,21.140107078978975,2,0,0,1
7892,5.446342092436177,5.319674730079133,4,1,0,1
2678,19.074257089639964,33.51786028629511,2,0,1,0
4242,-2.740670923260609,4.090087792780689,3,1,1,0
5636,6.44181165411475,-5.626101503656942,4,1,0,1
2059,-1.9341293305756375,-17.70571588919241,3,1,0,1
7668,-1.5174434114847335,-22.047095143839176,4,0,0,1
4157,0.36241814797040917,-18.762039145082348,5,1,1,0
6915,8.332006574505693,9.006899765172252,2,0,0,0
3693,-2.1812293249521595,12.630875348449008,1,1,0,0
4627,23.836341883602813,-18.717860530482,4,1,0,0
6450,-8.41910953329256,18.42557471114173,4,1,1,1
2663,2.1969253375796143,-2.245915775251593,3,0,0,1
6592,-1.5959658741126237,7.201895179783241,5,0,1,1
8392,26.704668265305994,29.183309423831364,3,1,1,1
2306,7.94832164767362,18.45258973798298,3,1,0,0
7776,20.477668092029525,0.9720402814125153,5,0,1,1
6864,-17.28340559555458,-8.367883381229312,1,0,0,1
8526,9.005753988038883,-27.277231019939578,3,0,1,0
9901,18.344461934351557,-5.787299788636302,3,1,1,0
6575,6.234259839131363,1.8330464175845833,4,0,0,1
6530,20.982205625980267,-9.807692907267759,5,1,0,0
5413,-2.759326751505583,3.031145493615429,2,0,0,1
4748,26.140211602783697,6.152778244381523,1,1,1,0
1663,39.48347185428875,1.6271602728788217,1,1,1,0
2998,-0.4425784065948859,-4.750038712351897,5,1,0,1
8994,-1.682537821011577,7.529820079500915,4,0,0,0
2495,26.800767156765513,11.629109743541136,4,0,1,1
4304,28.693582185960686,-11.35598616164269,5,0,1,0
4763,-2.842900407299024,26.16398569619405,4,1,1,0
6232,-1.3028022564378592,3.5211780157360737,1,1,0,0
2853,0.7732308670923915,5.282744344172715,1,0,1,0
7585,-15.166757665514154,15.623216348848358,2,1,0,0
2291,-8.779779197262974,8.498241968952525,5,1,1,1
4581,-10.062111501281018,19.297049508698677,3,1,1,0
8554,-6.516963476561926,9.306862478027362,3,0,0,1
8280,4.479726689198282,-4.186560619606569,2,1,0,0
2636,8.513220988047811,10.422552878091524,2,0,0,1
4696,28.257507392211153,-12.155893109809927,4,0,1,0
1698,-9.975310611081865,6.628395586647847,2,0,1,1
5737,19.764835977148756,4.501550140333088,2,0,1,1
1854,1.7901673366173658,1.8782471409119044,3,0,0,0
9164,4.258044355213506,3.0719373284160385,4,1,1,0
6855,15.122292382499056,-23.227735682464587,2,0,0,0
8392,-11.840830323434478,-3.2308736161144225,2,0,0,1
7528,10.73614619276076,6.39267351711672,4,0,0,1
6249,7.496783123195842,7.397845879961006,5,1,1,0
6172,12.386768960122236,-10.415127113889373,4,1,1,0
2707,9.337529658617271,23.98561761297051,3,1,0,1
6791,41.82950209866341,-7.992622723217513,5,1,1,1
6535,-4.5660997637697385,19.54185800790105,1,0,0,0
5931,-2.9649543250272643,11.407915428075274,4,0,0,1
4510,-4.347107896371465,-4.693409647657045,3,1,1,0
1202,-3.33215678740382,31.62966338914268,5,1,0,0
5218,-4.5608069095977655,-12.904552476347202,4,1,0,0
9958,22.835247966613277,18.787312604150024,2,1,1,1
5389,26.307563719847824,20.008734770644672,4,0,0,1
3327,-3.5611944062421443,-5.059303136149673,1,1,0,1
9004,-7.4853335965634304,25.88697950096493,4,1,0,1
3931,12.071233345796061,1.2493022810157086,5,1,0,0
8777,-3.2833456642145684,9.330404439197856,5,1,0,1
1197,14.493977266332662,8.904827581568311,4,1,0,0
8125,8.043845312769495,2.985368877941783,5,1,0,0
2930,-17.736161724958478,17.16212409739673,2,1,1,0
7287,28.212578019950925,16.902330808283196,4,0,1,1
9800,31.938165096432826,-21.227979598572713,2,0,0,0
5282,-4.191830357265793,24.56510364317229,2,0,0,0
3511,-0.8155233990397619,-19.937379820535114,3,0,1,1
1659,9.287980860873574,20.48819306512486,4,0,1,0
3811,10.016851849805375,21.90057705241375,5,0,1,1
8098,14.878164090092456,-11.364496453227975,2,1,1,1
7546,35.15306808149525,-1.162214319318772,3,1,1,1
2986,2.345791587589259,-11.585570027289037,4,0,0,0
9338,-6.974458668076807,1.7761845456689702,4,1,1,1
3911,-15.689788420217909,0.3794857372138809,1,0,1,1
2734,-5.963950599128786,16.6949079840401,1,1,1,1
2843,4.503095406893044,24.654631191794124,2,1,0,1
9680,31.918367952766815,25.935257161849343,1,1,0,0
3976,-2.7641694855425714,-3.432520398674532,2,1,0,1
2959,8.356819274583478,1.8616718938320833,5,1,0,0
6759,4.753656558908719,-20.251572883314253,2,1,0,1
7694,22.82589910172126,-7.088050997442831,1,0,0,0
3385,42.90398638810432,19.472774496461863,5,0,1,1
5736,-2.9630315938048097,29.233742353223477,1,1,0,0
2802,-2.341591637773332,-13.515233078198829,2,0,0,1
9155,20.66241315603608,-3.8869638872934136,3,1,1,0
9120,15.228372344394671,4.603913645616094,4,0,0,0
7616,32.7006098860405,9.202417382294101,1,1,1,0
6534,13.758922779889458,-7.144052798824692,2,0,1,1
5061,-0.389381361805893,11.360915666961347,5,1,0,0
1262,13.85982246038464,-2.107590206063742,1,0,1,0
7287,21.630553708743616,4.783215936825814,1,1,1,0
9815,17.30723271796046,13.194263720055494,4,0,1,0
3049,12.609110466609465,5.096334047164067,2,1,1,1
6423,21.00012034383731,-1.5457883578985294,3,1,0,0
5548,22.539433856685093,3.3558529411125377,5,1,1,0
4108,25.732384865562906,3.67455561191997,2,0,0,0
8158,14.73064831384464,-0.5501654482319154,5,0,1,1
8400,2.4932287952471848,1.1180590599934646,1,0,1,0
4170,7.200705296499843,28.979707557570755,4,1,1,0
3255,23.097634497625354,13.413791719118581,4,0,0,0
2154,-7.254035064808541,0.567795229562595,3,1,0,0
5499,10.530099633093517,15.454316067661034,4,0,0,1
7295,-0.9000821849104099,-0.007292346340149081,1,0,1,0
7197,5.431172344022262,22.59686956379962,3,0,1,0
2648,24.17677793910948,10.54463288297141,2,0,1,1
6539,7.8664860202985505,3.3904678399365666,4,1,1,1
5199,5.696548222342232,11.715753887154165,3,0,0,1
9445,-15.39784211469879,-18.56314228102749,1,0,1,0
3557,16.19380349040831,-11.90151203364708,5,1,0,1
6592,14.682262717116132,-12.908875095985831,5,1,1,0
1098,37.44882084958191,7.144146421455601,1,0,0,1
3200,0.3833264757049877,30.98772499227638,1,0,0,0
3961,8.287254914959085,38.469502192889486,5,1,1,1
5973,8.740755255661329,14.570766521611358,3,1,1,0
5433,28.661799196452115,12.512667124166853,5,1,0,1
3869,3.5705670141957184,-22.015866012291085,1,0,1,0
1956,9.185322886555088,-3.140106996010326,4,0,1,0
9352,14.118447645748088,-6.816756278623583,2,0,0,0
6699,7.7991368473453715,-4.312713973766741,4,1,0,0
7944,-1.6965042182579237,2.4778427212281557,4,1,0,0
5493,7.911349893474614,-2.0813586654569107,1,1,0,0
5911,21.10447624789658,-24.689497155636815,5,0,1,0
4987,-10.397729491165904,16.218653841763008,3,1,0,0
7015,6.99454511220314,-11.091145386097097,4,0,0,1
2218,-5.5018122240875975,8.588702961667243,5,1,0,0
5496,22.925699433872637,36.111240046249605,3,0,1,0
5735,-17.84780357175662,-8.79076887379635,4,0,0,1
5555,-3.3838277090738256,-32.95431284119495,3,1,1,0
9050,10.658178125967812,0.7099366717983377,5,0,0,1
4446,28.482860438515107,21.514394524978567,2,1,0,0
2045,4.013746083905183,34.37521181330891,5,0,1,1
7893,-3.3279929003979767,-13.443243916786251,1,1,0,1
2693,33.21735604160885,12.450488348547825,3,1,0,0
4436,-16.72020850624366,-1.9796568517008,2,0,1,1
9754,-27.982089349301226,3.410774685437965,3,1,0,0
6895,11.600216750799987,44.66515020525552,3,0,0,0
4354,-2.530813365289167,-17.544554925927297,4,1,0,0
1225,-10.318492256960699,8.806094922418602,1,1,0,0
5893,15.6253467094903,12.015397576481497,3,1,1,1
8022,8.657010706567982,21.286794874090205,5,1,0,0
6600,-3.461179461050925,6.469747302063432,5,0,1,1
8996,-14.204565980063418,9.620758092561534,4,1,0,1
8683,18.08685992420217,-0.8747285113268664,1,1,1,0
5642,14.753017669379915,9.03690411867661,1,0,0,0
8679,3.512362043309256,-0.14788413246115706,5,0,1,0
9208,32.69955494071499,14.323578347840762,2,0,0,0
8339,-11.051271494892287,-0.5441550406545099,4,0,1,1
3205,-17.882877563871084,10.656505908532797,4,0,1,0
2069,-5.378621048218667,4.561057794725325,5,0,0,1
4444,4.316209754667533,21.890753761582523,5,1,1,0
2060,8.650091739840377,4.229094146172707,2,0,0,0
3327,1.3814591321550518,-21.59548702310322,2,1,0,0
4420,10.280830947714453,23.928822510709875,1,0,0,0
1301,-13.773091362856661,-8.585984512939284,4,1,0,1
1606,26.656469061098893,-4.806495079732297,4,1,0,1
4170,3.767732324111468,-3.934919410652382,5,1,1,0
1699,21.759437473821915,25.61657139756226,1,0,0,1
6088,10.140880195665563,-27.035113209680432,4,0,0,1
1190,11.851298287306758,52.066228004899905,1,0,0,0
1980,13.546509203483058,20.84085213599078,1,0,0,0
3975,11.715628400259725,8.348583711937394,5,1,0,1
7102,14.640841398013158,4.176589990755704,1,0,0,1
2184,24.93728795198647,9.283311122864854,2,1,1,1
4327,7.947817545522052,12.816836425690074,2,1,1,1
4394,15.635056363827685,14.678233789250855,3,0,0,0
9319,3.6539645856915994,13.334066990051728,5,0,1,0
2816,26.601758231742092,6.343710218828733,3,0,0,1
6854,-5.145884530889045,2.0399236953901085,2,1,0,0
7709,32.01410649366223,2.7309007451973244,3,0,0,1
1569,4.397630740334849,2.0763757947097847,5,1,0,1
6442,-16.461626531770722,22.00655145300597,5,0,0,0
2895,6.92156622366184,13.903350834212928,1,1,1,1
3733,-5.215774862123212,-39.1058295199642,4,0,1,1
4863,17.60965323483086,14.838511647946415,1,0,1,0
8455,-4.789359689535864,7.921042920781623,5,1,1,0
5014,-1.6927514982216953,4.719368653311538,2,0,0,1
2686,-23.343110964182966,-0.8277767963332874,2,0,1,1
4009,-1.7845947887361504,21.861690799790203,1,0,0,0
8806,-31.35818989943435,19.21289693184287,5,0,1,1
1154,-18.75854235228585,-6.593165017354137,2,0,1,1
2409,16.40621984216446,11.105784306868028,5,0,1,0
1784,16.787002379762484,-9.57485101811929,2,0,1,0
9096,11.381863426774471,-15.694272471833958,5,1,0,0
8560,-9.504642146938195,-4.400758368849477,3,1,1,0
8343,4.284329657870302,17.935902085741382,5,0,1,0
8206,4.945961913641474,19.2968756806413,5,0,0,0
6596,-12.375470337888142,12.696281301459393,1,0,0,1
6801,27.55097452650726,15.876436802719956,3,1,1,1
3806,18.160434358635072,12.742674306724375,4,1,0,0
1537,1.685537392555041,-4.622223928344283,1,0,0,0
6986,5.403287584917962,11.47883817010911,4,1,0,1
2841,8.125742119213287,17.006142878415233,2,0,1,1
9716,-25.626023026364358,16.314369947203616,4,0,0,1
7971,1.292339262191046,22.833700572119643,5,0,1,0
6625,-5.229763719966979,15.624557708015956,4,0,1,0
3950,-10.024300148423732,10.271723113123745,1,1,1,1
8992,0.7834956067106766,21.052253574746413,1,1,1,0
5780,31.96529790274284,4.602181111264099,4,0,0,0
3368,14.612642919005147,-8.228119768415766,1,1,1,0
7655,-3.567684846741951,2.553995540843542,1,1,0,1
9173,13.588741720342378,-6.1735396720967355,4,0,1,1
5495,25.99033154879003,-5.127674124615723,3,1,0,0
7002,18.869505243691535,2.8322199392672327,3,0,1,0
7614,5.894455548802612,-6.886298814999419,2,0,0,0
6919,-4.704051665583609,0.38057705541439546,1,0,1,0
1853,15.473349704203848,-23.404220004306787,4,0,1,0
5146,10.902280781326244,8.199405610594079,1,1,0,1
4769,18.427898300415983,5.018082130433363,5,0,1,0
1574,14.527577025229542,-7.2563294660228586,1,1,1,0
2148,20.743290729790026,14.888685026486076,1,0,1,0
7293,-3.028528173408519,19.063552064398376,3,0,0,1
7457,24.760910984514886,-19.113397965534613,4,1,1,1
8509,7.963994070385995,-6.440871678493213,1,0,1,0
5777,36.12891308937898,-6.537135246809473,3,1,0,1
4854,-5.337817271343518,-9.09854651663297,2,1,0,1
3491,31.03945704747874,17.44212262897623,3,0,0,1
4124,7.968661751939717,2.092607918407947,3,0,0,1
6691,-4.771270054216725,1.0322773803408385,3,0,0,1
4051,-2.2582875108148235,-25.057935466101302,1,0,1,1
1004,0.1947903770851971,14.531270453138395,1,0,1,0
6222,11.362489196028747,-13.588875922802089,2,0,1,1
6315,12.842532320532495,5.898989453994924,5,1,0,1
5869,-3.6055000590786843,9.160654069372875,5,1,1,0
1876,4.6346811160852575,25.409878937579766,5,0,0,0
8027,37.13405537917795,-14.63230598678668,2,1,0,0
5142,30.91314755151067,-40.29268233731238,5,1,1,0
7966,11.54485504511048,7.757743171305423,5,0,0,1
8079,5.570052172523004,32.0076677226628,3,0,0,1
8987,6.800469900773919,23.58419529409156,1,1,1,1
7799,14.20276959095625,8.144891229119388,1,0,0,1
5465,-10.341888477976083,-2.3745427844807105,3,1,0,0
1635,1.1393519386498236,17.106838949559656,3,0,1,1
2693,-20.02876110816384,-9.60319299556703,3,1,0,1
5752,10.988346839079188,12.14536654034329,1,1,0,0
9311,14.707939095541116,12.582052387499402,5,1,1,1
1830,-2.2477969344906104,20.903148612483196,3,1,1,1
6177,28.609801449350492,46.394900583666164,2,0,1,1
9932,-13.386484945035118,10.886239507681506,3,0,1,1
9308,-16.965623203147302,-2.6344543856124814,4,1,0,0
6949,8.366777278399582,4.616385317120083,3,1,0,0
3838,20.706474539182317,-21.536138573336775,1,0,1,0
2150,30.25891537186803,-5.420696966335873,3,0,0,0
8560,-1.8832639430341,-1.1392365716965598,4,1,0,0
2931,21.180212501469434,-2.8613259690188872,2,1,1,1
2664,4.422372957489392,7.2853230805058296,5,1,1,1
2081,2.4105905008877055,-7.336298985733009,3,1,0,0
1512,18.254899062300083,21.81546000986707,4,1,1,0
8805,14.784843176201294,5.003105973772956,4,0,1,0
6237,-18.645882354763742,4.860495182920784,2,1,1,1
1559,27.148105245888438,0.08157925230623242,1,0,0,0
4672,25.701370312211772,7.327860257884687,3,0,1,1
8404,-4.383440522642941,17.376473970014523,4,0,0,1
4343,10.937053001561136,-8.006953235663504,2,1,0,1
5070,12.410452794241081,-4.87174733612885,5,0,0,1
1580,8.910106487358608,0.44410956835003024,4,0,1,0
8004,-3.254577307681302,-15.188063852098225,2,0,1,1
9130,-5.074350519070773,-7.288867895822467,1,0,1,1
4147,4.6166889351283205,-2.143313103169885,1,1,1,0
5249,22.59093528889047,18.11583771069091,4,1,1,1
2679,13.154002318916485,8.938419935028875,4,0,0,1
4506,-0.5592149812915892,7.903848670513165,3,0,0,1
8253,16.575480659725173,17.763469432519585,2,1,0,0
3744,-37.72813930945113,2.9394231740090504,4,1,1,1
6188,22.231485505581553,10.856972748933345,3,1,0,1
3141,-21.095706681671494,3.4516737060125564,3,0,0,0
7617,-0.4366141210469827,8.980435240994426,4,1,1,0
3479,-11.79504841939216,-3.741379864173732,1,0,1,1
7484,-14.420222135813585,-31.582257374146437,2,0,0,1
8421,22.412401810677792,2.985812567205438,2,1,0,0
5452,-2.01551801967837,26.3412220414991,1,0,1,1
6881,10.197558225960737,18.893231033623884,4,1,1,0
7665,4.296191316812239,19.48096226886756,2,0,1,1
3849,12.155612408346823,23.541960827093266,4,1,1,0
8390,6.152328365903831,6.3298638644215615,4,0,0,1
7905,-14.244883362828546,7.959735611083934,3,0,0,0
3489,19.9440022917071,-4.2647784315152535,1,1,1,0
5611,-2.4063487474196874,0.25890715959425314,4,1,0,0
3839,-18.348728479896266,14.236567246567123,5,1,0,0
9527,-1.4217274144886876,23.058266557532242,1,1,1,0
6878,27.51139685951466,2.9083058647850066,2,0,0,1
7303,17.753326131702394,-1.7528389727711735,3,1,0,1
1851,-0.22978201611788762,5.007919382848959,2,1,0,0
2687,-0.2388655647764315,14.018101233936722,2,0,1,1
7833,0.17547423173926102,-16.657822242003128,1,1,1,1
3427,36.15121975341261,-29.442714297058572,2,1,0,1
5000,10.7290317834733,-3.258052742373753,4,0,1,1
6052,11.450624707866044,-13.31068638871238,2,1,1,1
3738,20.454251810477633,-2.622102964709663,3,1,1,1
6732,8.581837385397703,2.783295217737927,3,1,0,0
6387,1.1143678126894532,-1.798726135345201,5,1,0,1
9002,2.054752263725326,26.78701301706118,3,1,1,1
6536,3.925981108789041,9.9011714690348,2,1,0,1
4913,4.441666452352376,9.507115394162426,3,0,0,0
2066,15.914443154554698,14.333107160651029,1,1,0,1
8723,5.779188287109491,-12.082496766711536,3,0,0,1
5380,15.989601158233688,20.58667681130403,4,0,0,1
5107,3.789251298371265,3.863535701968102,1,0,1,0
6726,6.179527854741359,15.057209258618188,5,0,0,1
4373,-24.973010267981614,-11.077858495602332,4,1,0,0
9945,18.74491512053722,-18.306381490240966,2,1,0,1
3082,10.197327138469891,17.26834487037543,2,1,1,0
9967,19.97015164789478,10.646142891462748,2,0,1,0
7748,-38.44383067290534,-8.530773315362655,4,1,1,0
1417,36.325620571710914,-8.044946219120416,4,1,0,1
9306,2.9061555776723935,21.881521766221542,4,1,1,0
9808,21.622742251062746,-12.841178393009919,1,0,1,0
4974,-10.598588906882963,29.64009429883945,1,0,1,0
4267,14.191608575938545,-8.50931101971803,2,1,1,0
1825,-10.801233447604842,14.575878884125745,3,0,0,1
8668,-4.356534410437076,0.07072286376523085,2,0,1,1
6745,33.71047030800179,14.047811466235146,5,1,1,1
1412,2.1397639885498014,-3.1617100317128894,1,0,0,1
8543,8.261493097695844,2.5581064089155867,4,0,0,0
8587,18.051015960331313,5.613787630935817,1,1,1,1
1728,12.435228319589068,-10.032811836722091,4,0,0,0
8164,7.2562835771536465,16.11236518130189,5,0,1,1
9867,10.474415036993381,-2.698203497073778,5,0,0,1
6988,41.05123377857412,1.571001269899721,1,0,0,1
3504,4.135718044496219,-9.915240619127683,4,0,1,0
3967,8.016485700724512,-33.43500488192966,5,0,0,1
3786,20.75981594011418,2.1345835609974646,2,0,1,1
2122,21.582888994369757,41.18923132419374,2,0,0,1
5079,22.8054545834057,16.769064318470356,4,1,1,0
2571,14.580953330437769,4.711094303984081,1,1,0,1
6073,-12.145073690957254,1.0566375618759851,5,1,0,1
6104,29.50147298451644,5.336988392180696,1,1,0,0
3143,-12.19518089528032,13.206786727628149,2,0,0,0
7806,9.539531978585497,-12.712192229632674,5,1,0,1
8357,-6.314137750290369,21.71482542003308,1,1,1,1
4440,4.037924801105111,15.730719731618661,3,0,0,1
4766,9.931436154552205,15.772785885619017,4,0,1,0
6644,9.820358231754096,11.577136082145909,4,0,1,0
3914,11.328811313529272,5.294249865409848,3,0,1,0
5968,29.205669035879705,15.092918539502298,2,0,0,1
6917,11.803014522709699,13.87721200612067,5,1,1,0
9787,1.3376504706402699,-0.310610664115357,4,0,0,1
1728,19.46130752432536,-3.604026593453515,3,1,1,0
2365,22.842057333869608,6.5278444289298,3,1,1,0
5492,-13.414117227054888,28.23530227242781,2,0,1,0
1698,13.961001047747871,-13.586606134808513,2,1,1,1
8186,15.517591134663475,-17.0128789862866,1,1,1,1
1395,0.5365474496001212,7.471412618547751,4,0,0,1
8400,25.63560219967429,5.763315527840271,1,1,1,1
9082,2.749166194512099,7.600124965556123,3,1,1,0
5171,6.883646802073134,8.659297968627504,5,1,0,1
5360,2.403922635741956,1.651966180477923,5,0,0,0
3502,5.233685713722013,27.347951579031232,2,0,0,1
1717,-11.444126303428028,-19.013559677147732,5,0,1,1
3782,-16.600763238914414,-7.42745537170369,5,1,1,0
5946,28.917575948374584,3.4511785977642893,5,0,1,0
6486,-7.704420224774918,-19.647832167312508,3,1,1,1
9335,-9.870885241844608,2.3621839335189323,5,0,1,1
5980,-27.300851704055724,29.922052485920272,5,1,1,0
8266,-4.584426215342534,5.313297324439427,5,0,0,0
5491,-14.846346901112476,8.460513585780252,1,0,0,0
8192,29.630227402045534,-13.902471477588705,3,1,1,0
6588,20.147256340139513,-4.245421120592162,2,0,1,0
8651,-5.322255177665857,-0.6279457048590551,1,1,1,1
4636,38.786537080164635,0.23427354865648908,4,0,1,1
2167,19.72648230487391,24.22465692505653,3,0,1,1
2062,0.1275292473706635,13.365365910876868,3,1,0,1
3156,-32.491085723103595,-11.671869354055481,4,1,0,0
8860,39.364138588861124,8.697571676480074,4,1,1,0
6161,-15.84358700145394,12.473326227451777,4,0,0,0
6305,-19.680981204353376,22.102235577819,2,1,1,1
7541,20.338556480144604,28.708110298525604,5,0,1,0
5729,41.59628609508909,-10.22641287741803,3,1,1,0
8330,25.764092277657774,-7.162862668155073,5,1,0,1
6334,13.458636800785394,-13.863667883719245,5,1,0,1
9924,13.921315124979289,1.4897021133952797,4,1,1,1
5330,17.801233381704616,11.995375616695018,2,1,0,0
9010,16.383928846801478,19.81001774883653,1,1,0,0
7801,9.217871359540638,3.8607346453621583,2,0,1,1
5846,6.563016559278141,0.20228715117734097,5,1,0,1
7731,4.061103081507164,7.276369883731105,2,0,0,0
8241,-6.309468833000144,-7.527143524450345,4,1,1,1
1953,0.7898738469983888,36.3430808254216,1,1,1,0
3539,-20.394352212930784,-19.11491540677088,4,1,0,1
8056,3.5249055980787514,7.771108683435867,1,0,1,1
2542,-9.828866607263762,35.35409328844459,5,0,0,1
6293,-11.553839758236563,5.101997668399966,1,1,1,0
2191,7.698412267302176,2.149414474977583,1,0,1,0
7313,25.88003429516899,-0.361681342156408,1,1,1,1
7938,18.774749090034696,2.2941247735638823,2,1,1,0
3681,-18.557509054347655,25.592727120147952,2,0,0,1
2540,-9.844422048555064,-28.177928669942602,5,0,1,1
7172,19.11156781982324,28.001505519444883,1,0,1,0
6541,-9.737310903074643,-16.359357286752175,3,0,1,0
2365,1.6305027500446307,1.0002150614837784,5,1,0,0
9691,13.250781485368279,-1.438666304479927,1,0,0,0
9702,-9.52516682295453,13.828299046560796,1,0,1,1
8494,6.5806325921893984,-18.971865278256214,2,1,1,0
5312,-15.010382423773066,11.932589991229143,5,0,1,0
2324,-4.020514659268205,35.364644349302786,1,0,1,1
4141,9.796729012138055,-15.447610068892157,1,0,1,1
8419,-18.894906002975038,7.8455925141559355,5,0,1,1
4486,11.607121069405984,-4.9297326669491355,3,1,0,1
2810,4.705433016099782,11.388308092895537,5,1,1,0
7588,13.287349316257217,5.287216661236281,5,0,1,0
3923,8.35871201096992,-4.622303635664643,3,0,1,1
6301,25.462106449607663,12.318084273066109,5,1,1,1
5186,6.878367539718609,32.06522164680115,1,0,1,0
9905,-1.4410831168787945,2.13644312409052,5,0,1,0
6977,6.834462545484257,15.796369132222729,3,0,0,0
5268,13.149470435545819,-14.399094368067455,4,0,0,0
5748,5.732901054885565,-9.346545652270132,5,0,0,0
5849,5.608875368058236,12.08609416820566,2,0,0,1
4709,-5.529875317101331,27.261740428039474,1,0,0,1
7619,-4.943513763264223,10.3342002317849,1,0,0,1
9647,-16.039079076995403,0.30412954215268506,2,0,1,1
4072,31.24365114780409,4.989371081350312,2,1,1,0
7530,-13.657948530869277,-13.756116009545764,5,1,1,1
1504,-5.39357796693861,14.067729895330501,2,1,1,0
2214,-5.776108983537961,18.234995934851135,4,0,1,0
2531,18.42386565416662,-1.7813549924962055,3,0,1,0
8576,0.5757548256195832,-2.050632216392522,2,1,0,0
1823,23.716131090106007,8.988173444780728,2,0,1,0
1928,-5.102359363658028,-1.5507960406089323,4,1,0,0
6029,9.18491243335703,4.008010780612663,1,0,0,0
1133,-7.530205798896359,36.49582683749773,1,1,1,1
3105,37.177236916600826,1.29461448881005,5,1,1,0
4627,-12.813976285442692,-0.37510228031833304,4,1,1,1
7316,9.647310653405412,-4.713127084527388,3,0,1,1
2852,14.506653213981478,16.16287957249905,3,1,1,0
5910,11.206986461772473,2.281637401728455,4,0,1,0
5175,2.2206851168343755,-4.7405955748213895,3,0,1,1
6348,3.0526895039986073,24.81956048409518,1,0,0,1
7190,5.657172079686644,26.29404506770456,3,0,1,1
2256,2.7949699755726707,-4.006353486080577,3,0,1,1
4376,19.458186751923645,-22.998099270409245,4,0,0,0
6645,38.157845023870266,20.11270534755383,4,0,1,0
4486,-3.3623767751175038,-5.26944738640006,3,1,1,0
4584,-15.547044693686168,16.85938398744153,2,1,0,1
9053,3.6757692747311776,-24.551557265677534,4,1,1,0
4330,43.695640064814775,18.38896007448964,5,0,1,1
3703,-7.055118519545962,-13.167578939211719,5,0,1,0
9662,29.58675208166101,15.961461785997868,1,0,1,1
9120,30.16551221114661,5.214096017546511,3,0,1,0
8114,-3.303823625619918,-9.309091290949672,2,1,1,0
2353,13.534746187779131,-1.1055446939017077,1,0,0,1
6063,29.42594934692807,15.294776854350513,3,1,1,1
9549,-0.6869161148123064,6.588416796728514,4,0,1,1
8575,1.9462945984645734,13.766194707087264,5,1,0,1
1667,-3.7252137092296564,34.64660876773228,2,0,0,1
5468,-10.221350960393004,-18.46362417566577,5,1,1,0
7819,-4.739163175990107,29.25818862452936,4,0,0,1
4719,-13.359104001433849,6.565339062848194,3,1,1,0
3745,5.511252023888391,-8.481760724846923,4,0,1,0
8483,-6.549598465879626,-14.954704386084849,4,1,0,0
1539,8.506788676861216,2.1631941383444975,5,1,1,0
5964,-18.33843469305441,18.82475167886689,2,0,1,0
5835,9.963203483216855,3.086763194336987,4,1,0,1
4775,17.50293442413387,27.667323953710213,5,0,0,1
7042,-24.906034638571832,-16.767635350773382,2,0,0,0
8102,10.610848547713582,4.818665782309181,3,0,0,0
8312,23.415034887099385,-13.785901666196786,3,1,1,1
6320,-13.144615280368082,10.454478239374518,1,1,0,1
7132,30.08858580256555,18.303310851459507,5,0,0,0
8891,11.285285140490679,-1.3114269052157992,2,0,0,1
3779,-5.575177836376133,-34.063207849407014,4,1,0,1
1924,4.16346383513441,7.984222201947418,3,1,0,1
2581,13.374903687825835,11.551078276002642,2,1,1,0
8714,6.140080871186172,11.064421324425464,5,0,0,1
4324,13.081339886695538,23.536732877332312,1,0,1,0
6713,-8.810103896190494,-11.065805194735734,3,0,0,0
8026,7.54041236054117,15.20324158175674,2,0,0,0
1255,-16.205717453574703,22.887612687169625,2,0,0,0
5804,3.3316090797694953,-21.678813760097754,2,1,0,0
2838,-8.558614621971847,9.79477738878466,5,0,0,1
1009,-6.032949138846499,-2.5626974651150727,5,1,0,0
3871,23.54139762815656,3.7771599034753116,5,1,0,0
9989,21.369651808914035,10.215147253075045,4,0,0,0
8409,14.137071813607655,-2.3084284617032846,2,1,1,1
8418,-11.384691470088686,-5.135621187424176,3,0,0,1
6124,0.2538732545779716,5.5122862623203694,5,1,1,1
2015,23.19646549968775,-11.308689082942038,5,0,0,1
3193,7.125753704598571,-11.28737693327778,2,0,1,1
9415,39.78994309972541,15.19059924434755,5,1,0,1
8449,10.899767590915578,-12.231910527379842,4,0,0,1
5158,7.880736747350474,14.994687513638178,4,1,0,0
4925,0.36325303696247957,11.938869392809266,5,0,1,0
7970,7.003113571734234,-20.88710093185895,2,0,1,1
7938,2.7129524542918415,-5.1634697850348275,2,0,1,0
5784,15.621630150328857,22.91164104571059,2,1,1,0
5000,19.35053475191876,-9.717482967095224,1,1,0,1
2633,-6.789841907619243,-1.9660639346408146,5,0,0,0
8266,-14.968494303366672,11.930913398778447,2,1,0,0
9702,-22.543080596549448,16.75085763923893,4,0,1,1
1384,12.619869903688155,1.2269167093325644,3,1,0,0
1404,-11.550499092608103,-3.962652920374623,3,1,1,1
9175,-27.293358894287245,26.335547925477616,2,0,1,1
3000,10.828679067964462,31.083494956963683,3,0,1,0
6989,42.39499276149186,19.68287076172693,3,0,1,0
2460,4.9089363269016,6.27977213847536,1,0,1,0
8190,17.577361616774628,-7.123985824613895,4,0,0,1
8140,6.227440378213475,-7.456666098348478,4,1,1,1
4636,3.51665520213286,12.837711578986362,1,1,1,1
5809,18.786147244816526,11.275973313330255,1,0,0,0
5178,0.6458818371702302,26.023978894196443,3,0,1,0
8245,9.010884711078544,14.756751388042087,5,0,1,1
7600,9.825467092940205,-17.54620452639727,3,1,0,0
6997,-5.02135680464573,20.779214265843777,1,0,0,0
3048,19.88063524304784,-9.970909409716194,4,0,0,1
5780,2.3756036495688706,-0.7595690792852743,3,1,1,1
1716,-6.3361773923926705,8.753003093775417,5,1,0,0
8939,13.047647653556053,34.935012346759464,3,1,0,1
6565,-8.477019726865558,51.64877834008041,2,1,0,0
5544,5.422717360536923,14.100845887042741,3,0,1,1
5976,4.8632150503369465,2.252050719194182,1,1,0,1
4419,21.28843348747367,13.017584727208254,4,1,1,1
8239,12.120473493199292,18.314831388107542,4,0,1,0
1249,4.624595618822841,0.189985616642125,1,0,0,0
9865,17.266494488004305,31.928170338684833,2,0,1,1
1770,25.853113235259702,8.45106138787103,1,1,1,1
5363,13.367154595277933,12.466146336370914,3,0,0,1
2077,5.155289297650709,14.98886378081692,1,1,1,0
9427,-14.677543485252393,11.323799159216836,1,1,0,1
9580,-10.976704946130589,17.584107507044184,2,1,1,1
8901,0.4216294346799856,-4.258797798203847,3,0,1,1
5858,-4.142683032389247,-3.3745263091904576,5,1,0,1
7544,2.1954304552183097,-11.502313494575425,5,0,0,0
5719,5.849748873456607,11.592518459303395,4,0,1,0
3814,12.945391315350962,16.68404755268171,1,0,1,1
4374,3.9425183291136316,11.866592992278287,4,1,0,0
2252,12.29752465739303,30.11738650021306,2,1,1,0
7996,5.9671162221518035,4.916059717564302,5,1,1,0
5673,-24.631998495308068,15.03112483388769,1,0,1,1
5530,-9.090030907281314,-11.375513142089716,2,1,1,0
7881,2.8386866641757678,-0.8064955371160147,2,1,0,0
7949,-13.145421142616613,15.433066363486663,1,1,0,0
7241,13.998930949943068,17.73653166114716,2,1,0,1
9017,27.96126248515546,0.5904957850372661,1,1,0,1
7941,23.28142777545975,3.926011222128998,1,0,0,0
8002,1.79835693604688,-17.76810620021214,3,0,0,0
2331,27.360892052749282,-0.3554380120991407,4,0,1,1
5261,7.2300118580316735,18.35574745279679,2,0,0,1
8648,-0.05628956677059005,13.628075241598495,2,1,1,0
6115,-4.201039953114096,12.509985820718146,3,0,1,0
5637,0.4629547026780747,5.746605307714401,3,1,1,1
5854,-0.8226522781184311,5.105947379422647,3,0,0,1
4177,7.556243335632315,-4.904817092101705,5,0,1,0
8730,7.408609715747969,15.482426303038022,5,0,0,1
3180,5.045690302301217,11.314594165840848,5,1,1,0
5892,11.554072546195247,12.380282719891989,1,1,1,0
8043,22.85969412179512,-2.890522640013706,2,0,0,0
1137,19.24331203161986,-27.300143798068667,4,1,1,1
7327,-17.273469526748553,21.457290676305433,1,0,1,0
4472,-33.30881702352932,-2.1825618401260627,2,0,1,0
6449,19.014798668589105,-7.941636460646809,2,0,1,1
3832,-15.503180476231318,15.402183678709905,3,1,0,1
4579,1.628518971609747,-0.8801895987869441,3,0,1,0
6971,-12.551695390890394,20.899045760699327,1,0,1,0
5164,-22.029706563700294,14.255089243650463,3,0,0,1
8941,13.12194092307182,15.253539848007163,2,1,1,1
6569,16.387327404539704,-15.489335668008014,3,0,1,1
5300,-3.647656010900791,23.179159780796006,5,1,1,0
7269,-33.865634382173646,8.91875796850784,3,0,1,0
4818,-3.193666723787242,-0.539157088693047,2,1,0,0
2906,10.877060081038199,7.150827010133766,1,0,1,1
7254,-17.18367353161193,-21.6435284934748,4,0,0,0
1760,7.7503987966873344,11.129792172210063,3,1,1,1
8830,4.7703522624050665,-10.440572622731073,2,1,1,0
8350,13.689372494016325,-15.290054287653017,4,0,1,1
7238,6.793705526212299,-17.835387793268367,4,1,0,0
7090,-9.596034113223332,21.690325624848878,5,0,1,0
7031,22.94857252496737,-4.438950905391831,4,0,1,1
8687,2.6220564045954498,28.00591564874749,2,0,0,1
9472,4.5904319073510225,-3.037021945784467,2,1,0,0
2887,-8.99901938609794,-20.6103693638942,3,0,0,1
4266,-1.649233767872655,-11.747866599229887,3,1,0,1
1666,-8.272040710403514,23.53717430010408,3,0,1,0
5188,2.4058091011486553,2.6615273309499874,4,1,1,1
1671,30.675627202135153,-3.2243094473590137,4,1,1,0
7777,-15.578517143970345,7.400273387791815,5,0,1,0
8570,-19.203420968151118,12.526741042513175,3,1,0,1
8956,27.067554912404127,21.76098223853691,1,0,1,1
6124,1.8601448427220082,26.727488448393892,5,0,1,0
6585,-5.036091079898748,-0.39652968683628576,1,0,1,0
5777,20.59857031094115,-14.890715291230574,4,0,1,0
4900,-4.084233096052962,-1.2019774168491404,5,0,0,0
7677,32.39014570320404,8.904207598743293,5,1,1,0
7981,15.168888070089036,-9.456383893159163,2,0,1,0
7376,-2.31867112218554,-9.357263723425643,4,1,1,1
1523,37.359623198982554,10.156818223248282,4,1,0,1
3393,-4.085723845050076,4.270214726443233,5,0,0,1
3593,16.131430580139604,5.491954931173797,4,1,1,0
8240,9.48938870609738,-6.377430020501041,5,0,1,1
7937,24.52611934098197,1.5439892869134901,2,1,1,0
7190,28.42266795090279,-8.863497164024565,5,1,0,0
6240,5.480062235986499,18.3529761668718,4,1,1,1
7493,-6.301268055192752,20.52874002085629,4,0,1,0
3878,11.899582144086747,-22.69281793357141,5,1,1,0
5143,-5.165730546281592,-8.94266290288615,5,0,0,0
4644,35.200808712899345,-17.447938826351187,5,1,1,0
5432,7.048029966241062,-4.750359016103474,3,1,1,0
2276,-0.47982326968163047,3.748430453144587,4,1,0,0
6811,7.770204587973627,-16.74467829547795,4,1,0,1
1302,-15.206894342945446,-8.827897196879698,3,0,1,0
1638,-9.574210577659773,-10.059360581222478,5,0,0,0
1055,23.00620861916638,8.109009940984159,2,1,1,0
9717,-4.853414184570935,6.040165055543756,5,1,0,0
9150,-10.703664740229094,-5.8260633000588005,5,0,0,1
3125,13.049791287909292,7.65231308209097,3,0,1,1
1364,22.785562319944955,-3.2002012688089803,4,0,1,0
7809,15.784299659976002,0.9251733451092008,5,0,1,0
5621,19.940715287087244,30.101781354478057,4,1,0,0
6126,-6.351926328541911,25.106915776855217,1,1,1,1
6122,-16.327160001127655,-14.493718553913965,4,0,1,1
2646,27.5200047793323,17.445986268187617,2,0,1,1
1918,0.1598024173679642,17.17094831737388,2,0,1,1
3797,1.2375047531742895,-12.223949331289276,5,0,1,0
7506,24.92291212773587,17.28166465632291,4,0,0,1
6870,13.3434501410099,28.068978776188292,5,0,1,1
2531,11.838316581224115,-11.83817209366621,3,1,1,0
9172,37.47503517351626,-8.762542315213954,2,1,0,0
4345,-4.652773455702144,20.264922002652536,5,1,1,1
8673,18.917601921218555,9.072429662384721,3,0,1,1
7949,5.855196873456268,13.27214412859285,5,0,1,1
7882,9.028884182948854,10.108838246007451,4,0,1,1
2906,27.927026396187976,10.860438813922162,4,1,1,0
4086,12.617536344344355,-14.897081924666246,4,0,0,0
9152,13.074441185744494,20.709765599321724,4,0,0,1
6750,21.087610059647034,22.543849886416602,1,1,0,1
9905,-0.4742909431432798,1.5591388389795835,3,0,1,1
2062,-7.588145010085096,4.347845752792064,3,1,0,1
2976,-10.672137910315504,-17.96661253833583,4,1,1,1
2296,-24.495348840640027,12.713821340267522,1,0,1,0
7229,35.843106949104836,13.580861625712162,4,1,1,0
8641,-11.548125485825246,4.067134745010335,1,0,0,0
1125,1.6811956462134199,21.86530039805754,4,1,0,1
5632,0.8478005016661898,-0.01115846469910764,2,0,0,1
7288,9.611100467136511,13.469088888404004,2,1,1,0
4596,17.23605818808945,-10.294965080381735,5,0,0,0
7168,17.90710232539618,4.646717736886428,4,1,1,1
8561,-3.7461615785340765,2.384686131457462,3,1,0,0
9258,2.4931742932038277,8.379618830614124,5,1,0,1
1232,9.238699257324495,-0.542903932500379,2,0,1,1
7371,1.269633107246794,3.027911064924983,4,0,1,0
5206,29.11018364029989,17.390707571622595,5,1,0,0
8943,12.364624274573771,-1.5514635585732615,4,0,0,0
7891,16.02316679074726,-19.09865651108019,2,1,0,1
7738,14.943219030011191,31.24375856308131,5,0,1,1
3472,22.602107862279873,25.7218111803573,2,1,1,0
3739,7.7153233805556045,-14.383940426584278,1,0,0,1
6401,-14.452479219337697,15.345617078677915,2,1,0,1
2761,10.995319276289624,-2.544621558270147,4,1,1,1
1876,-4.770353406877435,8.952308229965894,3,1,0,0
4812,-2.929250226246353,9.413361935202406,2,1,1,1
2460,13.795460281326399,1.4838829952551702,3,0,1,0
2733,23.574246071504536,-6.756484983795946,1,1,1,0
2605,5.319073651040925,-5.358115784743891,5,0,1,1
6622,9.632495188984457,-8.742878732218637,5,0,1,0
7767,30.53322416952857,-7.4773331234566704,3,1,1,1
7986,8.611297692328524,3.992325649259671,5,0,0,0
4517,44.02524671270592,-5.736399836661278,2,0,1,0
4735,13.482644684473163,15.230780985689298,3,0,1,1
9434,-21.411441387337266,27.30869233003891,4,1,0,0
3590,16.300124316567988,-3.7007986205506445,2,0,1,0
2063,10.717375773241667,8.591067508030656,2,0,0,0
5324,24.346291311241185,12.495276654544007,2,1,1,1
6342,15.097720269049375,12.080034063789116,4,1,0,1
1005,2.923160240243393,6.139329018741311,1,0,0,0
8489,-13.364473544340488,16.140236275395836,5,1,1,0
9659,1.8646511407096207,12.233734290209858,3,0,1,0
9195,-7.757806813139501,-13.564936334909468,1,0,1,1
6966,-3.7078517470708405,18.0373409658391,3,0,1,1
9837,13.828676066309145,18.30936255900113,5,1,0,0
1117,30.048567565271092,-6.449291562678724,4,0,0,1
3551,10.920072947344718,5.569067531714031,2,1,0,1
6560,-12.938245930527764,15.24993489216604,2,1,1,1
5289,11.669040023302111,1.8602927063095764,4,0,0,1
1846,22.949472299684768,21.094670716490178,1,1,1,0
7316,-4.146743564790732,40.458087419290415,1,1,1,1
7469,2.9897424999062348,-6.789790489524735,3,1,0,1
9915,5.2203229209379565,-15.715669047306623,4,1,1,0
1224,-6.773474696233601,9.557278934073135,1,1,0,0
5208,14.724206507657886,15.823437576892152,4,0,1,1
7283,3.185777770883276,1.5370043923284658,5,1,0,1
3048,11.292986658605416,26.798909949815513,2,0,1,0
7233,-8.312382667031502,-15.079086995848733,2,0,0,0
2828,-1.5618745048511569,15.393779345474167,2,0,0,0
2917,15.83572036741657,-4.0879123113834,4,0,1,1
5234,-0.592497281376505,30.79066859310945,4,0,1,1
7988,30.904457768501075,34.88773029752177,3,0,0,0
3026,-0.9945427842190355,-6.499848816750218,2,1,1,1
4744,8.370270886278288,-3.2433570386287016,3,1,1,0
1009,18.988862478096348,17.893818304697028,2,1,1,1
1260,-16.275485993995474,-0.8069597468427192,3,0,0,0
7038,-21.412132179711637,4.318831731016426,3,1,0,0
3219,-17.88484471855142,5.380826308136153,5,1,1,1
8041,23.93876155140773,-23.795097342964844,3,1,1,1
3060,-3.277872188386702,4.792433808586441,4,0,0,1
6287,43.372989285023785,-5.3459166109626075,3,1,1,1
2619,-3.463713979860829,-2.3968423359965803,2,0,0,1
9512,7.768269547955555,26.654480052032213,3,1,1,1
2342,28.131649288518133,-13.847603414188846,1,0,1,0
3832,35.09139332238684,17.19807780121966,2,0,1,1
3824,35.92255364954597,0.8155560450228725,1,0,0,0
2994,23.125493458897136,0.8035974725624841,2,1,0,0
4490,20.360937887171936,16.85557844077567,4,1,0,1
8984,13.887904238017747,10.100769418533357,4,0,0,0
2604,16.675416142499564,13.559194958292965,4,1,1,0
1235,-3.267785744928002,19.522769907992917,1,0,1,1
2908,-7.272983251334608,0.030374252250158662,5,0,0,1
9567,4.949383138835719,-4.183551017616255,2,1,1,1
4530,2.4472306621260733,-11.277257898366972,4,1,1,0
6256,-1.7984207399091279,-7.381157949684328,2,1,0,1
3635,15.44581171185073,49.23641637963088,1,0,1,1
9162,19.32957812855766,23.6701937110518,5,0,1,1
3560,6.3261032943777105,-15.26611549312032,1,1,0,1
6415,27.162951215828926,-14.836869351153553,2,0,1,0
4391,-12.125336712002575,12.227990925777373,5,1,1,1
6951,2.095108110804228,13.208971960669505,5,0,1,0
6468,-5.752334809042074,13.233257529760467,1,1,0,1
9007,-22.9980492560959,1.175663096694532,4,1,0,0
7413,3.7597897123595114,3.118186099956497,2,0,1,0
7941,3.1737873742507468,9.918192862390361,3,1,1,0
5820,27.701746148631965,6.288395094399956,3,1,1,1
3898,14.462175268321664,-28.28950559121303,1,0,0,0
8546,-10.362802364938075,1.5530055413720927,2,1,0,1
1077,32.81138849501282,-7.771096513904704,2,0,0,1
8577,23.315505432880293,7.628171283627681,1,1,1,1
5227,13.731465552029237,49.77888503905115,2,0,1,1
1600,1.6027385172525213,10.512224982114565,4,1,1,1
2065,-9.391588550852196,0.2970547074140315,1,1,1,0
3136,-0.5831016410657952,18.827022529658784,4,1,1,1
7943,21.33122929556279,12.240318308138189,2,1,0,0
8804,33.26879458901914,11.30141735677762,1,0,1,0
7565,28.148652924082835,14.102758898235065,2,0,1,0
6984,-2.3327413267941113,35.848153472443116,1,0,1,0
6142,-11.794261499335168,-11.963326529888736,2,0,0,0
5670,7.1132937036680595,12.104481152171818,4,0,1,0
3190,-21.526590483442774,-8.895716949723077,4,0,0,0
3712,9.847515712771722,13.332689695133725,2,0,0,1
3192,2.78596120551997,-8.780297672291416,1,1,0,0
2248,-1.990547528023634,-1.260502204076266,3,1,0,1
5033,-18.92054600900193,0.5736512864314056,4,1,0,0
2997,12.704001598545748,19.637250790170636,4,1,1,0
4687,-2.9905125949286706,18.77681665913621,3,0,1,0
5018,-12.54875253565432,-13.685760646695766,2,0,0,0
2970,-38.08393319922474,5.824011664997731,1,0,0,1
9389,4.587276424240456,-5.6436978212375895,2,1,0,1
6765,31.58377395004616,-13.877573660130018,5,0,1,1
2202,29.91888821821805,1.7447442436344436,4,1,1,0
9135,-1.8564438487940773,0.3727581731627039,5,0,0,0
6567,-4.033180905426708,41.40074729518284,4,0,1,0
8667,12.031613841125356,11.494397380410442,4,0,1,1
6742,-9.975781587824372,-15.66426251131356,5,0,0,0
6788,9.526878497291989,-3.4716100625641335,5,1,0,1
6408,16.491204175770356,20.320749431440976,2,1,1,1
9669,23.403998358264612,36.326641593048876,5,0,1,0
1922,3.4976888528007084,-18.789749683569376,2,1,1,0
1419,1.9448937473455121,-23.198865777085675,2,0,0,1
3204,-8.169738801348416,33.06447763057673,2,0,0,1
2120,-7.403205310597901,10.844212660563558,4,0,0,1
1950,1.6028166214770985,-8.024390978145497,4,0,1,0
3336,10.510482602242671,13.019436291836529,5,1,1,0
6373,18.703769393498742,-34.536216085253166,4,0,0,0
3243,-7.047684260205173,5.050632598957415,5,0,1,0
3645,27.390328534392825,9.91731759264628,4,1,0,0
5612,0.9331459843614685,18.864052093067446,1,0,1,0
2865,4.679490584773458,-10.208439284388065,1,1,0,1
7028,-6.20817518721735,6.285307421050385,5,0,1,1
8326,-31.363603904094127,-8.88136939089381,4,0,1,1
7371,18.260680945415746,8.830756335114756,4,0,0,0
7359,16.052658456386503,-8.430194835445363,2,0,0,1
8863,0.7800866432267988,-1.1215125874033092,3,0,0,0
4228,6.004860758373079,-9.937230921853436,5,0,0,0
4719,12.739088265561492,14.767043627354855,3,1,0,1
3371,-18.43818785329814,17.876766749849978,3,0,1,0
3891,-2.935790160194422,1.4806914506387931,5,1,0,1
4756,16.913970194327405,5.5735699244004255,4,1,0,1
5225,-13.81434134753874,-16.728871219503162,5,0,0,0
1094,9.40336898249944,0.5048502798981938,3,1,0,1
3674,-15.348727069351074,4.246930744373828,4,0,0,1
7898,11.996449736502896,44.31189636544963,1,1,1,1
1793,4.465377765537746,-11.679505386612455,5,0,0,1
3116,-19.22697723858264,26.96265858128656,5,1,0,0
6779,22.47109031685757,19.95288160198712,4,1,0,1
7166,-6.018873651970738,9.209546067352045,1,0,1,1
1814,-7.153786555215715,31.379307262927,1,1,1,1
1345,8.008537958464142,10.581582089102943,4,0,0,0
9554,22.22956024143073,10.837387935018931,2,0,0,1
3443,-10.237327284675954,4.20319020473682,5,0,1,0
8783,5.925197747719575,23.35353323627941,5,0,1,1
1984,11.432247504958594,21.447038507163256,3,0,1,1
8790,15.396584108947161,-4.385159312443186,4,1,0,1
1827,7.646623329158378,-14.788707918981512,3,1,0,0
4531,-0.5054175862498349,1.955290439065144,3,1,1,0
8147,-7.413853309730795,-7.000578465964697,1,0,0,0
5451,6.292158245695621,4.047131380769674,5,1,1,0
4876,-11.082085179784105,23.561572020262087,3,1,1,0
6959,-38.82025725241911,-1.8595248263018496,1,1,1,0
1126,11.548397062365018,4.357649280326377,4,1,0,1
4177,18.55902261629293,5.8703410221259285,3,1,1,0
9795,-30.44398653312758,17.72646323307927,5,0,1,1
7024,-10.145960570649063,-28.70334000976908,3,0,0,0
6109,14.287313915077966,-4.100504421479451,4,1,1,0
5146,35.862432045675476,8.169255384192091,3,0,0,0
8196,5.311905615131119,23.00118434640292,5,0,1,1
4368,-5.920044118437017,-2.3785367125930774,1,1,0,0
4797,2.2565533834273976,-23.14829059062811,5,1,1,0
2792,25.623146287222774,14.295671689492044,1,0,1,1
6732,-4.68946268686803,-4.530435832384439,2,1,1,1
4476,-6.987880099753804,-12.84499988635542,5,0,1,1
4417,-2.241152832730487,-4.365180845698362,5,0,1,1
2645,-9.299929123880686,2.232119635162257,4,1,0,0
4030,6.840054739921933,-4.071169968073191,3,0,0,1
3872,29.37017687704341,-28.083490856486037,1,0,1,0
4072,9.846189096740435,18.455992953306982,1,0,1,0
2854,1.214697468105686,24.123125619180833,4,1,1,1
5021,0.6228309662668385,14.772829870092586,4,1,0,0
5662,-18.447862130449856,-12.06528505637225,3,1,0,1
7514,18.246646657207386,1.9776269907872304,3,1,1,0
6031,3.8324420448079692,4.902180271558129,5,0,0,1
3708,2.292801296140615,13.981915843428654,2,1,1,1
8112,52.89661351767291,15.025107330771213,3,1,1,1
9393,9.481293625485293,-6.012606981677436,4,1,1,1
4507,-6.276865751427765,6.229933346203406,3,1,0,1
7456,-1.39536394308315,11.859206069228616,1,0,1,1
5212,22.226685637951324,26.8373348322015,2,0,1,0
8970,6.699056158066467,15.567598097370846,5,0,1,0
9766,-16.5741696747605,16.835850310632786,1,1,0,0
1536,18.788434018628053,6.257399418940414,1,1,0,1
2625,-5.022161283084909,26.156887178052557,2,0,0,0
8973,33.099466643263185,11.14644193939246,5,1,1,1
9577,21.200720985719727,-7.916318652603557,4,1,0,0
9070,-1.7098284348812678,26.05054955187786,5,0,1,0
9666,24.215245426026694,15.468549088085414,3,0,0,1
9609,6.0178326579110495,-1.6456603169272341,1,1,1,0
7490,17.791605126833293,-2.1923945109886507,3,1,0,0
4600,12.27099225941712,9.448633177111427,4,1,1,0
7783,-7.6953498248631025,11.94777192901377,3,0,0,1
5971,-4.6532474847619305,7.959383984468097,5,0,0,0
2205,20.44941226371742,9.669630101643273,3,0,0,1
2990,-0.021629981598112913,30.499360618645706,4,0,1,0
6299,-1.054726948629951,21.073147283523287,4,1,0,0
4572,-9.326838690240294,7.859533868975365,4,0,0,0
6975,11.353985983901916,19.11965871151225,5,0,0,0
7320,35.937873788647174,-10.487858552913092,4,1,0,1
5380,-11.012993713814094,10.968905749202134,1,1,1,0
5757,5.363291850091371,32.13959524599665,4,1,0,1
3713,26.183308331231437,1.729311569114392,3,0,1,1
6588,3.8053791313142726,-7.714508929286271,3,1,1,0
1966,11.785576943746008,-4.78133332889591,3,1,1,0
5944,-10.935902922203196,-11.344495560135826,5,0,1,1
4432,11.424606458114729,-6.77142862191555,3,0,0,1
1688,2.1928360249317684,-0.557621478850435,5,1,1,0
5243,19.785949935197944,-16.083505287679632,5,0,1,0
4701,22.81079077347127,5.234275009244046,4,1,1,0
9533,43.84345463027921,18.53415760679971,1,1,1,0
6182,13.694497598203634,-8.616342702203806,4,0,0,0
7704,9.886944748732496,27.78925885462653,4,1,0,1
5422,7.915764523660041,12.661881327913921,5,0,1,0
2759,-0.297494392160325,20.45870878436086,5,0,1,0
3482,10.077257651925368,-4.867518307782056,3,0,1,1
9058,0.5689788479145585,17.817878405999238,3,1,0,0
1951,7.526914644044215,-11.379008505929697,4,0,0,0
9914,24.763963034119396,18.35371251254763,2,0,0,1
3079,-10.098138479194617,7.577590096902968,2,1,0,0
3717,22.09817841693568,13.298768299771755,3,1,0,1
5524,24.756726010097978,-12.633919084372774,2,1,1,0
9477,3.2289720951338188,-8.42604763414907,3,1,0,0
8311,-26.827823485128917,13.958423273800772,5,0,0,0
8186,-4.117329806416487,-9.225220063363011,4,0,1,1
3065,24.45491819841664,11.948094381486847,1,0,0,1
1768,4.656979065516768,-15.507067096903686,4,1,0,1
6490,-9.989533484423662,17.722613190000022,3,1,0,1
7645,-2.5716238184232614,-13.487849721527635,3,0,1,0
6083,17.609300397568298,13.284499065192849,4,1,0,1
6232,13.20100352302069,14.384464004690013,3,1,1,1
6797,1.4160185124545852,-5.451577276443624,2,0,1,1
5926,-0.5023661772203134,13.730398506270904,2,0,0,0
7016,-0.8763722356573282,8.90663395000334,3,1,0,0
4335,-8.836152767477538,-3.0826278428910747,3,1,0,1
